"id (S)","created_at (N)","link (S)","price (S)","temp (S)","title (S)"
"thread_489251","1599829826835","https://www.promodescuentos.com/ofertas/sams-clubpantalla-samsung-50-pulgadas-led-4k-smart-tv-serie-tu7000-tarjeta-de-debito-489251","$8,012","679°","Sam's Club: Pantalla Samsung 50 Pulgadas LED 4K Smart TV Serie TU7000 (pagando con Inbursa)"
"thread_490293","1599624626865","https://www.promodescuentos.com/ofertas/gratis-paragon-hard-disk-manager-25-anniversary-pc-490293","true","752°","Gratis Paragon Hard Disk Manager™ 25 Anniversary PC"
"thread_496899","1599681025863","https://www.promodescuentos.com/ofertas/walmart-y-bodega-aurrera-just-cause-4-para-ps4-496899","$187","386°","Walmart y Bodega Aurrera: Just Cause 4 para PS4"
"thread_503784","1599641426741","https://www.promodescuentos.com/ofertas/catherine-steelbook-ps4-503784","$599","102°","Walmart: Catherine Steelbook PS4"
"thread_503829","1599597026585","https://www.promodescuentos.com/ofertas/walmart-camara-canon-80d-co-503829","$14,699","107°","Walmart Cámara Canon 80D CO"
"thread_503831","1599603025654","https://www.promodescuentos.com/ofertas/persona-5-royal-standard-edition-playstation-4-503831","$870","101°","Amazon: Persona 5 Royal - Standard Edition - Playstation 4"
"thread_503837","1599599426970","https://www.promodescuentos.com/ofertas/pantalla-pioneer-32-pulgadas-smart-tv-bodega-aurrera-colima-503837","$2,513","119°","Pantalla Pioneer 32 pulgadas LED HD Smart TV y otras ofertas Bodega Aurrerá Colima"
"thread_503848","1599600626208","https://www.promodescuentos.com/ofertas/bocina-inalambrica-philips-503848","$369","125°","Linio: Bocina inalámbrica Philips"
"thread_503851","1599599426969","https://www.promodescuentos.com/ofertas/bodega-aurrera-audifonos-over-ear-bluetooth-billboard-symphony-503851","$185","134°","Bodega Aurrera Audifonos over-ear bluetooth Billboard Symphony"
"thread_503865","1599606626812","https://www.promodescuentos.com/ofertas/e-shop-nintendo-switch-monopoly-199-503865","$199","121°","Nintendo eShop: Nintendo Switch MONOPOLY® $199"
"thread_503877","1599605426455","https://www.promodescuentos.com/ofertas/ssd-xpg-gammix-s11-pro-512gb-pci-express-30-x4-m2-503877","$1,579","107°","CyberPuerta: SSD XPG GAMMIX S11 Pro, 512GB, PCI Express 3.0 x4, M.2"
"thread_503880","1599605426456","https://www.promodescuentos.com/ofertas/sound-bar-lg-300w-rms-503880","$1,870","131°","Walmart: Sound Bar LG 300w RMS"
"thread_503914","1599612626113","https://www.promodescuentos.com/ofertas/walmart-ge-supresor-picos-dos-salidas-mas-estacion-de-carga-3-usb-503914","$99","120°","Walmart: GE multicontaco dos salidas mas estacion de carga 3 usb."
"thread_503923","1599615025929","https://www.promodescuentos.com/ofertas/xiaomi-haylou-gt1-plus-tws-bluetooth-audifonos-503923","$421","137°","Linio: Xiaomi Haylou GT1 Plus TWS Bluetooth Audifonos"
"thread_503933","1599615025922","https://www.promodescuentos.com/ofertas/costco-camara-de-accion-hd-con-wifi-503933","$399","136°","Costco: Camara de acción HD con wifi"
"thread_503934","1599621026138","https://www.promodescuentos.com/ofertas/tony-hawks-pro-skater-1-2-xbox-one-standard-edition-edition-503934","$882","106°","Amazon: Tony Hawk's Pro Skater 1 + 2 para Xbox One"
"thread_503952","1599616226141","https://www.promodescuentos.com/ofertas/amazon-google-pixel-4a-128-gb-color-negro-503952","$9,065","117°","Amazon. Google Pixel 4a, 128 GB, color negro."
"thread_503962","1599621025686","https://www.promodescuentos.com/ofertas/tienda-oficial-youpin-en-mercadolibre-reloj-inteligente-global-haylou-ls01-503962","$562","123°","Tienda oficial Youpin en Mercadolibre: Reloj Inteligente Global Haylou Ls01"
"thread_503990","1599630626839","https://www.promodescuentos.com/ofertas/muy-barata-503990","$11,942","111°","Tienda Mabe: Centro de Lavado Gas Natural 17 kg Blanco Mabe - MCL1740GSBB1"
"thread_504022","1599652226179","https://www.promodescuentos.com/ofertas/linio-zotac-geforce-gtx-1650-super-4gb-ssd-480gb-kingston-con-banorte-504022","$4,589","108°","Linio: Tarjeta de video ZOTAC GeForce GTX 1650 Super 4GB + SSD 480Gb Kingston con Banorte"
"thread_504024","1599653426834","https://www.promodescuentos.com/ofertas/xiaomi-mi10-256gb-15-con-banorte-504024","$12,325","106°","Doto: Xiaomi Mi10 256gb se llega al precio con la bonificación de 15% con Banorte"
"thread_504055","1599651026004","https://www.promodescuentos.com/ofertas/nintendo-swicht-lite-color-turquesa-504055","$4,418","104°","Nintendo Swicht Lite Color Turquesa"
"thread_504062","1599658225577","https://www.promodescuentos.com/ofertas/disco-duro-interno-western-digital-4-tb-cyberpuerta-504062","$1,769","109°","Cyberpuerta: Disco Duro Interno Western Digital 4 TB"
"thread_504063","1599665426995","https://www.promodescuentos.com/ofertas/mini-proyector-portatil-blitwolf-a-2005-pagando-con-paypal-504063","$2,005","100°","Linio: Mini Proyector Portatil Blitzwolf a 2,005 (pagando con Paypal)"
"thread_504065","1599658226499","https://www.promodescuentos.com/ofertas/xbox-ea-play-incluido-con-la-suscripcion-a-xbox-game-pass-ultimate-504065","true","228°","Xbox: EA Play incluido con la suscripción a Xbox Game Pass Ultimate (Consola y PC)"
"thread_504069","1599665426397","https://www.promodescuentos.com/ofertas/steam-moonshine-maniacs-juego-gratis-504069","true","117°","Steam Moonshine Maniacs. Juego gratis"
"thread_504075","1599683425658","https://www.promodescuentos.com/ofertas/teclado-omen-sequencer-504075","$1,838","105°","Liverpool Teclado omen sequencer"
"thread_504107","1599675026819","https://www.promodescuentos.com/ofertas/fanatical-10-juegos-por-8612-504107","$86","106°","Fanatical 10 juegos por 86.12"
"thread_504113","1599677426548","https://www.promodescuentos.com/ofertas/amazon-gopro-arnes-de-pecho-504113","$519","101°","Amazon: GoPro Arnés de Pecho"
"thread_504117","1599670226880","https://www.promodescuentos.com/ofertas/palacio-de-hierro-lenovo-ideapad-5-ryzen-5-4500u-y-16-gb-ram-mochila-504117","$12,851","221°","Palacio de Hierro: Lenovo IdeaPad 5, Ryzen 5 4500U y 16 GB RAM + Mochila (pagando con Paypal y Banorte)"
"thread_504120","1599685826818","https://www.promodescuentos.com/ofertas/trancelation-504120","true","108°","Nintendo eShop: Trancelation"
"thread_504124","1599671426364","https://www.promodescuentos.com/ofertas/smart-control-remoto-wifi-universal-compatible-con-alexa-y-google-assistant-504124","$359","127°","Amazon: Smart Control Remoto WiFi Universal Compatible con Alexa y Google Assistant"
"thread_504142","1599675026834","https://www.promodescuentos.com/ofertas/walmart-en-linea-mando-infrarrojo-inteligente-universal-wifi-504142","$289","118°","WalMart en Línea - Mando Lloyds Infrarrojo Inteligente Universal WiFi"
"thread_504156","1599677426549","https://www.promodescuentos.com/ofertas/privalia-jbl-flip-5-504156","$1,699","113°","Privalia: JBL flip 5"
"thread_504164","1599679826654","https://www.promodescuentos.com/ofertas/motorola-moto-one-macro-504164","$3,690","140°","Elektra: Motorola Moto One macro"
"thread_504190","1599719427013","https://www.promodescuentos.com/ofertas/super-mario-3d-all-stars-504190","$1,559","105°","Best Buy: Super Mario 3D All-Stars"
"thread_504248","1599689426773","https://www.promodescuentos.com/ofertas/att-samsung-galaxy-s10-504248","$11,999","112°","Att: Samsung galaxy s10+"
"thread_504250","1599693026877","https://www.promodescuentos.com/ofertas/netflix-30-dias-por-1-504250","$1","159°","Netflix 30 dias por $1 Usuarios nuevos"
"thread_504257","1599690626018","https://www.promodescuentos.com/ofertas/linio-8vo-aniversario-de-linio-mexico-envios-gratis-y-cupones-de-descuento-504257","true","109°","Linio: 8vo. Aniversario de Linio México, envíos gratis, cupones de descuento y promociones bancarias"
"thread_504269","1599695426222","https://www.promodescuentos.com/ofertas/walmart-smar-socket-504269","$149","120°","Walmart: Smart Socket"
"thread_504291","1599699026724","https://www.promodescuentos.com/ofertas/linio-scooter-electrico-xiaomi-con-paypal-y-banorte-504291","$7,139","146°","Linio: Scooter Eléctrico Xiaomi (con PayPal y Banorte)"
"thread_504318","1599706225827","https://www.promodescuentos.com/ofertas/mouse-hp-omen-600-negro-504318","$577","102°","Liverpool: mouse HP Omen 600 negro"
"thread_504345","1599713425956","https://www.promodescuentos.com/ofertas/bodega-aurrera-barra-de-sonido-y-dvd-portatil-en-liquidacion-504345","$525","100°","Bodega Aurrera: Barra de sonido y DVD portátil en liquidación"
"thread_504397","1599744626631","https://www.promodescuentos.com/ofertas/xbox-dias-de-jugar-gratis-504397","true","103°","Xbox: Días de jugar gratis"
"thread_504398","1599717026246","https://www.promodescuentos.com/ofertas/sams-club-lista-de-ofertas-en-electronicos-open-house-504398","true","223°","Sam's Club: Lista de ofertas en electrónicos (Open House)"
"thread_504431","1599731426778","https://www.promodescuentos.com/ofertas/liverpool-super-mario-3d-all-stars-nintendo-switch-504431","$1,439","101°","Amazon y Liverpool: Super Mario 3D All Stars Nintendo Switch"
"thread_504448","1599748226459","https://www.promodescuentos.com/ofertas/cdkeys-minecraft-xbox-one-504448","$113","100°","Cdkeys: Minecraft [Xbox One]"
"thread_504456","1599748226459","https://www.promodescuentos.com/ofertas/funkos-197-504456","$197","108°","Suburbia: Funkos $197"
"thread_504463","1599753026002","https://www.promodescuentos.com/ofertas/amazon-teclado-hyperx-alloy-origins-504463","$1,999","125°","Amazon: Teclado HyperX Alloy Origins"
"thread_504468","1599753026001","https://www.promodescuentos.com/ofertas/auriculares-ausdom-tw01s-504468","$228","108°","Aliexpress: Auriculares AUSDOM TW01S"
"thread_504493","1599753025987","https://www.promodescuentos.com/ofertas/nokia-72-4128-504493","$3,999","123°","Sam's Club: Nokia 7.2 (4/128)"
"thread_504495","1599751825694","https://www.promodescuentos.com/ofertas/linio-smart-tv-tcl-32-roku-con-paypal-504495","$3,199","104°","Linio: Smart TV TCL 32"" Roku (con PayPal)"
"thread_504501","1599760226054","https://www.promodescuentos.com/ofertas/samsung-wireless-charger-stand-15w-504501","$1,000","107°","Samsung Store: SAMSUNG Fast Wireless Charger Stand 15W"
"thread_504531","1599760226570","https://www.promodescuentos.com/ofertas/nintendo-eshop-crypt-of-the-necrodancer-504531","$70","118°","Nintendo eShop: Crypt of the Necrodancer"
"thread_504536","1599759027014","https://www.promodescuentos.com/ofertas/smartband-huawei-honor-5-504536","$699","108°","Pcel: Smartband Huawei Honor 5"
"thread_504540","1599757826978","https://www.promodescuentos.com/ofertas/call-of-duty-black-ops-cold-war-beta-abierta-ps4xbox-one-y-pc-504540","true","160°","Call of Duty: Black Ops Cold War: Beta Abierta [PS4/Xbox One y PC]"
"thread_504566","1599765026836","https://www.promodescuentos.com/ofertas/pantalla-lg-de-50-pulgadas-solo-en-sams-504566","$8,999","101°","Sam's Club: Pantalla LG de 50 pulgadas"
"thread_504593","1599766226015","https://www.promodescuentos.com/ofertas/laptop-14-pulgadas-marca-ghia-504593","$2,260","122°","Soriana: Laptop 14 pulgadas marca GHIA"
"thread_504611","1599791426143","https://www.promodescuentos.com/ofertas/gog-papers-please-504611","$33","100°","GOG: Papers, Please"
"thread_504612","1599771026661","https://www.promodescuentos.com/ofertas/pcel-recopilacion-discos-duros-de-4tb-25-desde-1899-hasta-2200-504612","$1,899","116°","Pcel: Recopilación Discos duros de 4tb 2.5"" desde $1899 hasta $2200"
"thread_504620","1599772226252","https://www.promodescuentos.com/ofertas/1-mes-de-toda-la-paqueteria-de-adobe-gratis-ge-force-experience-504620","true","128°","1 mes de toda la paqueteria de Adobe gratis al actualizar drivers Ge force experience"
"thread_504630","1599780626417","https://www.promodescuentos.com/ofertas/3-pases-de-incursion-remota-por-1-pokemoneda-504630","$1","120°","3 pases de incursión remota por 1 pokemoneda Pokémon Go"
"thread_504640","1599775826006","https://www.promodescuentos.com/ofertas/amazon-funda-de-piel-original-samsung-s10-504640","$286","108°","Amazon: Funda de piel original samsung s10+"
"thread_504652","1599773426323","https://www.promodescuentos.com/ofertas/laptop-hp-2-en-1-i5-de-10ma-8-de-ram-504652","$10,998","209°","Sam's Club: Laptop HP 2en1 procesador i5 de 10ma 8 de ram 256 SSD"
"thread_504658","1599791426730","https://www.promodescuentos.com/ofertas/cargador-inalambrico-heb-aguascalientes-504658","$45","105°","Cargador inalámbrico HEB Aguascalientes"
"thread_504667","1599775826015","https://www.promodescuentos.com/ofertas/aoc-c24g1-144hz-1920x1080-1ms-monitor-gamer-504667","$3,724","145°","Amazon: Monitor Curvo, AOC C24G1, 144Hz, 24"", 1920x1080, 1Ms, Monitor Gamer"
"thread_504686","1599798626551","https://www.promodescuentos.com/ofertas/steam-divinity-original-sin-2-504686","$176","100°","Steam: Divinity Original sin 2"
"thread_504690","1599781827053","https://www.promodescuentos.com/ofertas/walmart-hisense-50-smart-tv-4k-con-promonovela-504690","$4,630","274°","Walmart: Hisense 50 Smart tv 4k con promonovela"
"thread_504712","1599790226680","https://www.promodescuentos.com/ofertas/consola-xbox-one-s-1-tb-all-digital-reacondicionada-504712","$2,990","283°","Walmart: Consola Xbox One S 1 TB All Digital Reacondicionada"
"thread_504801","1599838225468","https://www.promodescuentos.com/ofertas/sams-club-cancun-tienda-fisica-504801","true","112°","Sam's Club Cancún tienda fisica: recopilación de TVs"
"thread_504831","1599807026673","https://www.promodescuentos.com/ofertas/nintendo-switch-lite-504831","$4,312","119°","Walmart: Consola Nintendo switch lite"
"thread_504843","1599832227074","https://www.promodescuentos.com/ofertas/epic-games-red-dead-redemption-2-cupon-epic-200-504843","$612","100°","Epic Games: Red Dead Redemption 2 + cupón Epic 200"
"thread_504849","1599844227691","https://www.promodescuentos.com/ofertas/unity-games-game-assets-bundle-504849","$23","100°","Humble Bundle: Unity Games & Game Assets Bundle"
"thread_504859","1599831026592","https://www.promodescuentos.com/ofertas/play-store-gratis-olympia-pro-gym-workout-fitness-trainer-adfree-504859","true","125°","Play Store: Gratis Olympia Pro - Gym Workout & Fitness Trainer AdFree"
"thread_504909","1599840626262","https://www.promodescuentos.com/ofertas/palacio-de-hierro-bose-quietcomfort-35-ii-plata-504909","$4,759","115°","Palacio de Hierro: Bose QuietComfort 35 II Plata"
"thread_504921","1599862227171","https://www.promodescuentos.com/ofertas/cyberpuerta-disco-duro-interno-western-digital-wd-blue-35-4tb-sata-iii-6-gbits-5400rpm-64mb-504921","$1,849","100°","Cyberpuerta: Disco Duro Interno Western Digital WD Blue 3.5'', 4TB, SATA III, 6 Gbit/s, 5400RPM, 64MB"
"thread_504963","1599858626914","https://www.promodescuentos.com/ofertas/amazon-laptop-acer-aspire-5-slim-ryzen-7-ssd-512gb-8hb-ram-504963","$16,269","105°","Amazon: Laptop Acer Aspire 5 Slim, Ryzen 7, SSD 512Gb, 8Hb RAM"
"thread_504982","1599859826343","https://www.promodescuentos.com/ofertas/metro-2033-redux-504982","$56","125°","Epic Games: Metro: 2033 Redux"
"thread_505040","1599870626344","https://www.promodescuentos.com/ofertas/movistar-vip-tarjeta-de-regalo-xbox-de-200-505040","$225","100°","Movistar Vip: Tarjeta de Regalo Xbox de $200"
"thread_505057","1599864626093","https://www.promodescuentos.com/ofertas/eshop-seis-juegos-por-388-505057","$4","139°","Nintendo eShop: Seis juegos por $3.88"
"thread_505145","1599876626908","https://www.promodescuentos.com/ofertas/amazon-pantalla-tcl-32-hdr-android-tv-google-assistant-505145","$3,409","125°","Amazon: Pantalla TCL 32¨ HDR, Android TV, Google Assistant"
"thread_505193","1599889826227","https://www.promodescuentos.com/ofertas/pantalla-samsung-58-pulgadas-led-4k-smart-505193","$11,934","120°","Sam's Club: Pantalla Samsung 58 Pulgadas LED 4K Smart"
"thread_505230","1599919827161","https://www.promodescuentos.com/ofertas/smart-tv-atvio-65-505230","$7,990","109°","Soriana: Smart tv atvio 65"""
"thread_505239","1599915026597","https://www.promodescuentos.com/ofertas/cyberpuerta-memoria-flash-kingston-canvas-select-plus-128gb-microsdhc-uhs-i-clase-10-con-adaptador-505239","$301","101°","Cyberpuerta: Memoria Flash Kingston Canvas Select Plus, 128GB MicroSDHC UHS-I Clase 10, con Adaptador"
"thread_505277","1599929427143","https://www.promodescuentos.com/ofertas/cyberpuerta-asus-gtx-1650-oc-phoenix-4gb-505277","$3,549","116°","Cyberpuerta: tarjeta de video ASUS GTX 1650 OC Phoenix, 4GB."
"thread_505336","1599942626138","https://www.promodescuentos.com/ofertas/combo-loco-de-television-y-de-regalo-un-asador-y-un-whisky-505336","$3,990","104°","HEB: Combo loco de televisión 39"" y de regalo un asador y un whisky"
"thread_505347","1599947426470","https://www.promodescuentos.com/ofertas/smart-tv-sansui-32-hd-led-505347","$2,699","105°","OfficeMAx: SMART TV SANSUI 32"" HD LED"
"thread_505383","1599947425823","https://www.promodescuentos.com/ofertas/uno-xbox-one-505383","$45","114°","Uno (juego) para Xbox one"
"thread_505441","1599958226693","https://www.promodescuentos.com/ofertas/pcel-memoria-adata-sodimm-ddr4-pc4-21328-2666mhz-8-gb-505441","$549","140°","Pcel: Memoria ADATA SODIMM DDR4, PC4-21328 (2666MHz), 8 GB."
"thread_505442","1599964226914","https://www.promodescuentos.com/ofertas/acer-aspire-5-slim-156-fhd-core-i5-10th-gen-nvidia-mx350-8gb-ram-256-ssd-fhd-505442","$16,893","111°","Amazon: Laptop Acer Aspire 5 Slim 15.6"" FHD Core i5 10th gen nvidia MX350 8GB RAM 256 SSD FHD"
"thread_505464","1599969027024","https://www.promodescuentos.com/ofertas/lenovo-s5-pro-64gb-y-6-de-ram-mas-audifonos-505464","$3,600","106°","Linio: Lenovo S5 Pro 6GB/64GB más audífonos"
"thread_505493","1599969027024","https://www.promodescuentos.com/ofertas/costco-2-cargadores-inalambricos-qi-para-carro-505493","$397","121°","Costco: 2 cargadores inalámbricos qi para carro"
"thread_505541","1600042225768","https://www.promodescuentos.com/ofertas/cyberpuerta-ventilador-corsair-af120-led-blanco-120mm-1400rpm-negroblanco-505541","$340","101°","CyberPuerta - Ventilador Corsair AF120 LED Blanco, 120mm, 1400RPM, Negro/Blanco"
"thread_505542","1600018226410","https://www.promodescuentos.com/ofertas/cdkeys-star-wars-squadrons-505542","$694","102°","CDKEYS: STAR WARS: SQUADRONS PC ORIGIN"
"thread_505575","1600015827055","https://www.promodescuentos.com/ofertas/sams-pantalla-lg-4k-55-pulgadas-55un73-505575","$10,999","105°","Sam's Club: PANTALLA LG 4K 55 PULGADAS 55UN73"
"thread_505607","1600015826824","https://www.promodescuentos.com/ofertas/volante-logitech-g29-driving-force-505607","$2,859","132°","CYberpuerta Volante Logitech G29 Driving Force"
"thread_505619","1600020627139","https://www.promodescuentos.com/ofertas/linioxiaomi-mi-band-5-con-paypal-505619","$645","134°","Linio app: Xiaomi Mi Band 5 (con Paypal)"
"thread_505633","1600029027009","https://www.promodescuentos.com/ofertas/apple-airpods-carga-alambrica-2da-generacion-505633","$2,915","109°","Linio App: Apple Airpods Carga Alambrica 2da Generación"
"thread_505668","1600045827252","https://www.promodescuentos.com/ofertas/lego-the-hobbit-llave-para-steam-15-ya-con-impuestos-505668","$15","102°","Enebs: Lego the hobbit llave para steam $15 , ya con impuestos !!!"
"thread_505672","1600037426602","https://www.promodescuentos.com/ofertas/amazon-monitor-msi-30-219-2560x1080-200hz-panel-va-precio-mas-bajo-keepa-505672","$8,054","119°","Amazon: Monitor MSI 30"" 21:9 2560x1080 200hz panel VA, precio más bajo Keepa"
